{"MomentumLS": {"BTC": {"momentum_score": 0.45454545454545453, "raw_score": -0.2501134902724504, "r_15m": 0.0005059032694393529, "r_1h": 0.0004047021384303968, "r_4h": -0.0005941094853045988, "in_longs": false, "in_shorts": false, "candidate_side": "none"}, "ETH": {"momentum_score": 0.5454545454545454, "raw_score": -0.029191715554156464, "r_15m": 0.0008095527663344842, "r_1h": 0.0006745817848905217, "r_4h": 0.0, "in_longs": false, "in_shorts": false, "candidate_side": "none"}, "SOL": {"momentum_score": 0.18181818181818182, "raw_score": -0.38362103745190057, "r_15m": 0.00043708743565180696, "r_1h": 0.00015688120203166653, "r_4h": -0.002942560694678982, "in_longs": false, "in_shorts": true, "candidate_side": "short"}, "HYPE": {"momentum_score": 0.8181818181818182, "raw_score": 0.320509732466281, "r_15m": 0.00011307868026610701, "r_1h": 0.005942610227958165, "r_4h": -0.007614621651354203, "in_longs": true, "in_shorts": false, "candidate_side": "long"}, "AVAX": {"momentum_score": 0.09090909090909091, "raw_score": -0.4387307272455544, "r_15m": 0.0006762938308727561, "r_1h": -0.0010685552475001706, "r_4h": -0.0013459833339004557, "in_longs": false, "in_shorts": true, "candidate_side": "short"}, "LINK": {"momentum_score": 0.0, "raw_score": -0.5162480196676157, "r_15m": 0.0005466789391425411, "r_1h": -0.0011917177039763372, "r_4h": -0.0014894253572617878, "in_longs": false, "in_shorts": true, "candidate_side": "short"}, "ARB": {"momentum_score": 0.36363636363636365, "raw_score": -0.25401741294086716, "r_15m": 0.0008415653611479742, "r_1h": 0.0002804431019360387, "r_4h": -0.007264051099192993, "in_longs": false, "in_shorts": false, "candidate_side": "none"}, "OP": {"momentum_score": 0.6363636363636364, "raw_score": 0.13124911940426232, "r_15m": 0.0023083274882832053, "r_1h": -0.0021934643582812705, "r_4h": -0.00783774495102766, "in_longs": false, "in_shorts": false, "candidate_side": "none"}, "AAVE": {"momentum_score": 0.2727272727272727, "raw_score": -0.2991944310265067, "r_15m": 0.001405231892562926, "r_1h": -0.0019027967169172552, "r_4h": -0.0018168726844495667, "in_longs": false, "in_shorts": false, "candidate_side": "none"}, "LTC": {"momentum_score": 1.0, "raw_score": 1.1080655127875538, "r_15m": 0.002018058825839679, "r_1h": 0.0011303071291125716, "r_4h": 0.004747168240996724, "in_longs": true, "in_shorts": false, "candidate_side": "long"}, "BCH": {"momentum_score": 0.7272727272727273, "raw_score": 0.24146853794447729, "r_15m": 0.0007035647569770182, "r_1h": 0.0013254589728700823, "r_4h": 0.0027819694787884932, "in_longs": false, "in_shorts": false, "candidate_side": "none"}, "XRP": {"momentum_score": 0.9090909090909091, "raw_score": 0.3698239315564777, "r_15m": 0.0011856606215328866, "r_1h": 0.0011856606215328866, "r_4h": 0.00048804295746648305, "in_longs": true, "in_shorts": false, "candidate_side": "long"}}, "BreakoutControlled": {"BTC": {"resistance": 79086.5, "current_close": 79086.5, "bo_pct": 0.0, "volume_ratio": null, "signal_active": false, "pending_entry": false}, "ETH": {"resistance": 2225.1499999999996, "current_close": 2224.3500000000004, "bo_pct": -0.03595263240677134, "volume_ratio": null, "signal_active": false, "pending_entry": false}, "SOL": {"resistance": 89.3005, "current_close": 89.2465, "bo_pct": -0.06046998617029249, "volume_ratio": null, "signal_active": false, "pending_entry": false}, "HYPE": {"resistance": 44.287499999999994, "current_close": 44.2195, "bo_pct": -0.15354219587919354, "volume_ratio": null, "signal_active": false, "pending_entry": false}, "AVAX": {"resistance": 9.540600000000001, "current_close": 9.5405, "bo_pct": -0.001048152107850065, "volume_ratio": null, "signal_active": false, "pending_entry": false}, "LINK": {"resistance": 10.067, "current_close": 10.063500000000001, "bo_pct": -0.03476706069334408, "volume_ratio": null, "signal_active": false, "pending_entry": false}, "ARB": {"resistance": 0.124855, "current_close": 0.12482, "bo_pct": -0.028032517720550536, "volume_ratio": null, "signal_active": false, "pending_entry": false}, "OP": {"resistance": 0.13666, "current_close": 0.13662, "bo_pct": -0.02926972047417843, "volume_ratio": null, "signal_active": false, "pending_entry": false}, "AAVE": {"resistance": 92.9435, "current_close": 92.9325, "bo_pct": -0.011835147159291053, "volume_ratio": null, "signal_active": false, "pending_entry": false}, "LTC": {"resistance": 57.5435, "current_close": 57.539, "bo_pct": -0.00782017082728748, "volume_ratio": null, "signal_active": false, "pending_entry": false}, "BCH": {"resistance": 426.54999999999995, "current_close": 426.54999999999995, "bo_pct": 0.0, "volume_ratio": null, "signal_active": false, "pending_entry": false}, "XRP": {"resistance": 1.43465, "current_close": 1.43465, "bo_pct": 0.0, "volume_ratio": null, "signal_active": false, "pending_entry": false}}, "DonchianTrend": {"BTC": {"bars_15m": 20, "bars_1h": 5, "donchian_upper": 79173.5, "donchian_mid": 79018.5, "donchian_lower": 78863.5, "ema_1h": 79102.6728, "btc_ema_4h": 79079.5, "vol_sma_15m": 13327334.88, "atr_15m": 92.071429, "has_position": false, "trailing_stop": null}, "ETH": {"bars_15m": 20, "bars_1h": 5, "donchian_upper": 2227.15, "donchian_mid": 2220.25, "donchian_lower": 2213.35, "ema_1h": 2225.0302, "btc_ema_4h": null, "vol_sma_15m": 4140155.33, "atr_15m": 3.35, "has_position": false, "trailing_stop": null}, "SOL": {"bars_15m": 20, "bars_1h": 5, "donchian_upper": 89.6285, "donchian_mid": 89.2895, "donchian_lower": 88.9505, "ema_1h": 89.4827, "btc_ema_4h": null, "vol_sma_15m": 1185672.2, "atr_15m": 0.151393, "has_position": false, "trailing_stop": null}, "HYPE": {"bars_15m": 20, "bars_1h": 5, "donchian_upper": 44.983, "donchian_mid": 44.3963, "donchian_lower": 43.8095, "ema_1h": 44.8156, "btc_ema_4h": null, "vol_sma_15m": 3492195.93, "atr_15m": 0.248036, "has_position": false, "trailing_stop": null}, "AVAX": {"bars_15m": 20, "bars_1h": 5, "donchian_upper": 9.5724, "donchian_mid": 9.5371, "donchian_lower": 9.5018, "ema_1h": 9.5578, "btc_ema_4h": null, "vol_sma_15m": 11463.07, "atr_15m": 0.019818, "has_position": false, "trailing_stop": null}, "LINK": {"bars_15m": 20, "bars_1h": 5, "donchian_upper": 10.0905, "donchian_mid": 10.0555, "donchian_lower": 10.0205, "ema_1h": 10.0792, "btc_ema_4h": null, "vol_sma_15m": 53684.26, "atr_15m": 0.019214, "has_position": false, "trailing_stop": null}, "ARB": {"bars_15m": 20, "bars_1h": 5, "donchian_upper": 0.1262, "donchian_mid": 0.1252, "donchian_lower": 0.1243, "ema_1h": 0.1259, "btc_ema_4h": null, "vol_sma_15m": 8636.47, "atr_15m": 0.000316, "has_position": false, "trailing_stop": null}, "OP": {"bars_15m": 20, "bars_1h": 5, "donchian_upper": 0.1379, "donchian_mid": 0.1371, "donchian_lower": 0.1362, "ema_1h": 0.1375, "btc_ema_4h": null, "vol_sma_15m": 1793.74, "atr_15m": 0.000305, "has_position": false, "trailing_stop": null}, "AAVE": {"bars_15m": 20, "bars_1h": 5, "donchian_upper": 93.389, "donchian_mid": 92.8958, "donchian_lower": 92.4025, "ema_1h": 93.1075, "btc_ema_4h": null, "vol_sma_15m": 97296.21, "atr_15m": 0.239214, "has_position": false, "trailing_stop": null}, "XRP": {"bars_15m": 20, "bars_1h": 5, "donchian_upper": 1.4371, "donchian_mid": 1.4331, "donchian_lower": 1.4291, "ema_1h": 1.4335, "btc_ema_4h": null, "vol_sma_15m": 368051.29, "atr_15m": 0.002629, "has_position": false, "trailing_stop": null}}, "VolatilityRegimeBreakout": {"BTC": {"atr_bps": 1.17, "regime": "low", "donchian_high": 79089.5, "donchian_low": 79047.5, "last_close": 79086.5, "high_vol_threshold": 25.0, "low_vol_threshold": 8.0, "bars_collected": 19, "in_position": false}, "ETH": {"atr_bps": 2.12, "regime": "low", "donchian_high": 2225.15, "donchian_low": 2222.35, "last_close": 2224.35, "high_vol_threshold": 25.0, "low_vol_threshold": 8.0, "bars_collected": 19, "in_position": false}, "SOL": {"atr_bps": 2.25, "regime": "low", "donchian_high": 89.3005, "donchian_low": 89.1995, "last_close": 89.2465, "high_vol_threshold": 25.0, "low_vol_threshold": 8.0, "bars_collected": 19,