{"MomentumLS": {"BTC": {"momentum_score": 0.8181818181818182, "raw_score": 0.24268917562327974, "r_15m": 0.0008371652597545537, "r_1h": -0.0016845163766415752, "r_4h": -0.0016968016907772244, "in_longs": false, "in_shorts": false, "candidate_side": "none"}, "ETH": {"momentum_score": 0.9090909090909091, "raw_score": 0.2475498002203736, "r_15m": 0.000915990642428328, "r_1h": -0.0008280310766841622, "r_4h": -0.002482039157956257, "in_longs": true, "in_shorts": false, "candidate_side": "long"}, "SOL": {"momentum_score": 0.6363636363636364, "raw_score": -0.08225577135937703, "r_15m": 0.000508531437119184, "r_1h": -0.002614309966580337, "r_4h": -0.0068131243197881355, "in_longs": false, "in_shorts": false, "candidate_side": "none"}, "HYPE": {"momentum_score": 1.0, "raw_score": 2.530664626756061, "r_15m": 0.0062596245247973584, "r_1h": 0.00871085647424838, "r_4h": -0.0022726771106094017, "in_longs": true, "in_shorts": false, "candidate_side": "long"}, "AVAX": {"momentum_score": 0.2727272727272727, "raw_score": -0.3007287843429496, "r_15m": 0.0011020671162105676, "r_1h": -0.005617231539529806, "r_4h": -0.012410908620934477, "in_longs": false, "in_shorts": false, "candidate_side": "none"}, "LINK": {"momentum_score": 0.7272727272727273, "raw_score": 0.13170320104440486, "r_15m": 0.002613262599492996, "r_1h": -0.0035998523149510997, "r_4h": -0.010338327026925678, "in_longs": false, "in_shorts": false, "candidate_side": "none"}, "ARB": {"momentum_score": 0.18181818181818182, "raw_score": -0.4892120360711151, "r_15m": 0.002278683907257685, "r_1h": -0.006164338324805507, "r_4h": -0.014312322950541157, "in_longs": false, "in_shorts": false, "candidate_side": "none"}, "OP": {"momentum_score": 0.36363636363636365, "raw_score": -0.15555722838693534, "r_15m": 0.0016168152269054777, "r_1h": -0.0051768290185518935, "r_4h": -0.008351922585730141, "in_longs": false, "in_shorts": false, "candidate_side": "none"}, "AAVE": {"momentum_score": 0.45454545454545453, "raw_score": -0.11834717717398129, "r_15m": 0.002898405880091166, "r_1h": -0.006073526271783194, "r_4h": -0.012740050547925912, "in_longs": false, "in_shorts": false, "candidate_side": "none"}, "LTC": {"momentum_score": 0.09090909090909091, "raw_score": -0.9224084879733626, "r_15m": -0.0008841923307945751, "r_1h": -0.006181526532905046, "r_4h": -0.015813973937757773, "in_longs": false, "in_shorts": true, "candidate_side": "short"}, "BCH": {"momentum_score": 0.5454545454545454, "raw_score": -0.0856610387224529, "r_15m": 0.00012613304759893608, "r_1h": -0.002576509398185119, "r_4h": -0.004153490378415533, "in_longs": false, "in_shorts": false, "candidate_side": "none"}, "XRP": {"momentum_score": 0.0, "raw_score": -0.9984362796139465, "r_15m": 6.697026522748275e-05, "r_1h": -0.006142156373010321, "r_4h": -0.022939290946253115, "in_longs": false, "in_shorts": true, "candidate_side": "short"}}, "BreakoutControlled": {"BTC": {"resistance": 81260.5, "current_close": 81260.5, "bo_pct": 0.0, "volume_ratio": 12.48880862380739, "signal_active": true, "pending_entry": false}, "ETH": {"resistance": 2293.6499999999996, "current_close": 2293.6499999999996, "bo_pct": 0.0, "volume_ratio": 3.406627936445413, "signal_active": true, "pending_entry": true}, "SOL": {"resistance": 92.4465, "current_close": 92.4465, "bo_pct": 0.0, "volume_ratio": 4.734619244737012, "signal_active": true, "pending_entry": false}, "HYPE": {"resistance": 44.466499999999996, "current_close": 44.3905, "bo_pct": -0.17091518334025257, "volume_ratio": 6.009555186678818, "signal_active": true, "pending_entry": false}, "AVAX": {"resistance": 9.94145, "current_close": 9.94135, "bo_pct": -0.001005889482920167, "volume_ratio": 3.7247027066750635, "signal_active": true, "pending_entry": false}, "LINK": {"resistance": 10.538, "current_close": 10.536999999999999, "bo_pct": -0.009489466691983509, "volume_ratio": 4.571876617216378, "signal_active": true, "pending_entry": true}, "ARB": {"resistance": 0.131805, "current_close": 0.131805, "bo_pct": 0.0, "volume_ratio": 15.09254941312489, "signal_active": true, "pending_entry": false}, "OP": {"resistance": 0.14548, "current_close": 0.145465, "bo_pct": -0.010310695628256287, "volume_ratio": 7.009054783734484, "signal_active": true, "pending_entry": false}, "AAVE": {"resistance": 98.83, "current_close": 98.81800000000001, "bo_pct": -0.01214206212687063, "volume_ratio": 2.5745368060438873, "signal_active": true, "pending_entry": true}, "LTC": {"resistance": 58.314499999999995, "current_close": 58.2195, "bo_pct": -0.16290973943015694, "volume_ratio": 2.393121505759, "signal_active": true, "pending_entry": true}, "BCH": {"resistance": 436.145, "current_close": 436.075, "bo_pct": -0.0160497082392308, "volume_ratio": 14.415500077032963, "signal_active": true, "pending_entry": false}, "XRP": {"resistance": 1.4948, "current_close": 1.4932500000000002, "bo_pct": -0.10369280171258485, "volume_ratio": 7.444809998167035, "signal_active": true, "pending_entry": false}}, "RSIBollingerReversion": {"BTC": {"bars_15m": 18, "close": 81202.5, "bb_upper": null, "bb_mid": null, "bb_lower": null, "rsi": 33.47, "zscore": null, "was_oversold": false, "has_position": false, "ema_1h": 81388.8036}, "ETH": {"bars_15m": 18, "close": 2292.35, "bb_upper": null, "bb_mid": null, "bb_lower": null, "rsi": 31.2, "zscore": null, "was_oversold": false, "has_position": false, "ema_1h": 2299.4064}, "SOL": {"bars_15m": 18, "close": 92.3605, "bb_upper": null, "bb_mid": null, "bb_lower": null, "rsi": 24.44, "zscore": null, "was_oversold": false, "has_position": false, "ema_1h": 92.9653}, "AVAX": {"bars_15m": 18, "close": 9.9338, "bb_upper": null, "bb_mid": null, "bb_lower": null, "rsi": 24.58, "zscore": null, "was_oversold": false, "has_position": false, "ema_1h": 10.0359}, "HYPE": {"bars_15m": 18, "close": 44.3385, "bb_upper": null, "bb_mid": null, "bb_lower": null, "rsi": 48.82, "zscore": null, "was_oversold": false, "has_position": false, "ema_1h": 44.5203}}}