{
  "c": -2.4558567883944735,
  "b_d": 0.15343871731019135,
  "b_w": 0.2914561389222291,
  "b_m": 0.19256559912694768,
  "r2": 0.25751967273367726,
  "n_obs": 15256
}